-- MySQL dump 10.13  Distrib 8.0.37, for Linux (x86_64)
--
-- Host: localhost    Database: cafeteria
-- ------------------------------------------------------
-- Server version	8.0.37-0ubuntu0.22.04.3

/*!40101 SET @OLD_CHARACTER_SET_CLIENT=@@CHARACTER_SET_CLIENT */;
/*!40101 SET @OLD_CHARACTER_SET_RESULTS=@@CHARACTER_SET_RESULTS */;
/*!40101 SET @OLD_COLLATION_CONNECTION=@@COLLATION_CONNECTION */;
/*!50503 SET NAMES utf8mb4 */;
/*!40103 SET @OLD_TIME_ZONE=@@TIME_ZONE */;
/*!40103 SET TIME_ZONE='+00:00' */;
/*!40014 SET @OLD_UNIQUE_CHECKS=@@UNIQUE_CHECKS, UNIQUE_CHECKS=0 */;
/*!40014 SET @OLD_FOREIGN_KEY_CHECKS=@@FOREIGN_KEY_CHECKS, FOREIGN_KEY_CHECKS=0 */;
/*!40101 SET @OLD_SQL_MODE=@@SQL_MODE, SQL_MODE='NO_AUTO_VALUE_ON_ZERO' */;
/*!40111 SET @OLD_SQL_NOTES=@@SQL_NOTES, SQL_NOTES=0 */;

--
-- Table structure for table `Feedback`
--

DROP TABLE IF EXISTS `Feedback`;
/*!40101 SET @saved_cs_client     = @@character_set_client */;
/*!50503 SET character_set_client = utf8mb4 */;
CREATE TABLE `Feedback` (
  `feedback_id` int NOT NULL AUTO_INCREMENT,
  `item_id` int NOT NULL,
  `user_name` char(50) NOT NULL,
  `date` date NOT NULL,
  `taste_ratings` int NOT NULL,
  `quality_ratings` int NOT NULL,
  `overall_ratings` int NOT NULL,
  `comment` varchar(255) DEFAULT NULL,
  PRIMARY KEY (`feedback_id`),
  KEY `item_id` (`item_id`),
  CONSTRAINT `Feedback_ibfk_1` FOREIGN KEY (`item_id`) REFERENCES `Menu` (`item_id`)
) ENGINE=InnoDB AUTO_INCREMENT=44 DEFAULT CHARSET=utf8mb4 COLLATE=utf8mb4_0900_ai_ci;
/*!40101 SET character_set_client = @saved_cs_client */;

--
-- Dumping data for table `Feedback`
--

LOCK TABLES `Feedback` WRITE;
/*!40000 ALTER TABLE `Feedback` DISABLE KEYS */;
INSERT INTO `Feedback` VALUES (1,1,'aarav.sharma','2024-06-01',4,5,4,'The taste was very satisfying and the quality was top-notch. Enjoyed it a lot.'),(2,2,'aarohi.kumar','2024-06-02',3,4,3,'The food was decent, but the taste could be improved. The quality was good though.'),(3,23,'dhruv.mehra','2024-06-02',5,5,5,'Absolutely fantastic! The dish exceeded my expectations in both taste and quality.'),(4,3,'aditya.mehta','2024-06-03',4,4,4,'Very good overall. The taste and quality were both satisfactory.'),(5,23,'meera.pandey','2024-06-04',4,5,4,'Great taste and excellent quality. Would definitely recommend it to others.'),(6,5,'anika.joshi','2024-06-05',3,3,3,'The taste was average and the quality was just okay. Nothing special.'),(7,16,'neeraj.yadav','2024-06-05',4,4,4,'Good taste and quality. I enjoyed the meal.'),(8,19,'neha.singh','2024-06-06',5,5,5,'Exceptional! The dish was perfect in both taste and quality.'),(9,6,'arav.chopra','2024-06-06',4,4,4,'Very nice. Both taste and quality were up to the mark.'),(10,23,'isha.joshi','2024-06-07',4,5,4,'The dish was very good. The quality stood out, and the taste was great too.'),(11,8,'arjun.reddy','2024-06-07',3,3,3,'It was okay. The taste and quality were not exceptional but acceptable.'),(12,21,'nikhil.kumar','2024-06-08',4,5,4,'Very satisfying. The quality was excellent and the taste was quite good.'),(13,10,'arjun.sharma','2024-06-08',3,4,3,'The taste was decent, and the quality was good.'),(14,16,'kriti.patel','2024-06-08',4,4,4,'Good overall. Enjoyed the taste and the quality was fine.'),(15,22,'nisha.kumar','2024-06-09',4,5,4,'Very good dish. The taste was great and the quality was excellent.'),(16,19,'kritika.shah','2024-06-09',5,5,5,'Amazing! One of the best dishes I have had in a long time.'),(17,11,'arun.mishra','2024-06-09',4,4,4,'The dish was good. Both taste and quality were satisfying.'),(18,23,'poonam.sharma','2024-06-10',4,5,4,'Very good taste and excellent quality. Will order again.'),(19,12,'arvind.singh','2024-06-10',3,4,3,'Decent taste and good quality. Nothing extraordinary.'),(20,13,'asha.mishra','2024-06-11',4,4,4,'Good taste and quality. I was satisfied with the meal.'),(21,23,'neha.patel','2024-06-11',4,5,4,'The dish had a great taste and the quality was superb.'),(22,16,'divya.patel','2024-06-11',4,4,4,'Very good overall. Both taste and quality were up to expectations.'),(23,14,'avni.gupta','2024-06-12',3,3,3,'The taste was okay and the quality was average.'),(24,16,'niharika.shah','2024-06-12',4,4,4,'Good taste and quality. Enjoyed the meal.'),(25,22,'yash.nair','2024-06-12',4,5,4,'Very satisfying. The taste was great and the quality was excellent.'),(26,21,'kriti.patel','2024-06-12',4,4,4,'Good overall. Enjoyed the taste and the quality was fine.'),(27,20,'rohit.matade','2024-06-13',4,4,4,'The dish was good. Both taste and quality were satisfying.'),(28,15,'ayan.kapoor','2024-06-13',3,4,3,'Decent taste and good quality. Nothing extraordinary.'),(29,23,'meera.gupta','2024-06-13',4,5,4,'Very good taste and excellent quality. Will order again.'),(30,10,'rohit.matade','2024-06-13',4,4,4,'Good taste and quality. I was satisfied with the meal.'),(31,4,'ananya.shah','2024-06-14',4,5,4,'Very satisfying. The taste was great and the quality was excellent.'),(32,16,'ayan.mehra','2024-06-14',4,4,4,'Good overall. Enjoyed the taste and the quality was fine.'),(33,20,'poonam.sharma','2024-06-14',4,4,4,'The dish was good. Both taste and quality were satisfying.'),(34,21,'krishna.nair','2024-06-14',4,5,4,'Very satisfying. The taste was great and the quality was excellent.'),(35,21,'rohit.matade','2024-06-15',4,4,4,'Good taste and quality. I was satisfied with the meal.'),(36,18,'ayush.kapoor','2024-06-15',3,4,3,'Decent taste and good quality. Nothing extraordinary.'),(37,22,'ishaan.chopra','2024-06-15',4,5,4,'Very good taste and excellent quality. Will order again.'),(38,22,'riya.verma','2024-06-16',4,5,4,'Very satisfying. The taste was great and the quality was excellent.'),(39,23,'isha.patel','2024-06-16',4,5,4,'The dish had a great taste and the quality was superb.'),(40,19,'deepika.gupta','2024-06-16',5,5,5,'Amazing! One of the best dishes I have had in a long time.'),(41,23,'rohan.shah','2024-06-17',4,5,4,'Very good taste and excellent quality. Will order again.'),(42,21,'deepak.sharma','2024-06-18',4,4,4,'Good taste and quality. I was satisfied with the meal.'),(43,22,'deepika.gupta','2024-06-19',4,5,4,'Very satisfying. The taste was great and the quality was excellent.');
/*!40000 ALTER TABLE `Feedback` ENABLE KEYS */;
UNLOCK TABLES;

--
-- Table structure for table `Menu`
--

DROP TABLE IF EXISTS `Menu`;
/*!40101 SET @saved_cs_client     = @@character_set_client */;
/*!50503 SET character_set_client = utf8mb4 */;
CREATE TABLE `Menu` (
  `item_id` int NOT NULL AUTO_INCREMENT,
  `item_name` char(50) NOT NULL,
  `cost_price` decimal(6,2) DEFAULT NULL,
  `selling_price` decimal(6,2) DEFAULT NULL,
  `is_available` tinyint(1) NOT NULL,
  `diet_type` enum('Vegetarian','Non-Vegetarian','Eggetarian') DEFAULT NULL,
  `spice_level` enum('high','medium','low') DEFAULT NULL,
  `cuisine_type` enum('north indian','south indian','others') DEFAULT NULL,
  `sweet_type` enum('sweet','no sweet') DEFAULT NULL,
  PRIMARY KEY (`item_id`)
) ENGINE=InnoDB AUTO_INCREMENT=58 DEFAULT CHARSET=utf8mb4 COLLATE=utf8mb4_0900_ai_ci;
/*!40101 SET character_set_client = @saved_cs_client */;

--
-- Dumping data for table `Menu`
--

LOCK TABLES `Menu` WRITE;
/*!40000 ALTER TABLE `Menu` DISABLE KEYS */;
INSERT INTO `Menu` VALUES (1,'Mango Milkshake',40.00,60.00,1,'Vegetarian','low','others','sweet'),(2,'Masala Chai',7.50,12.00,1,'Vegetarian','low','others','no sweet'),(3,'Coffee',8.50,15.00,1,'Vegetarian','low','others','no sweet'),(4,'Buns',35.00,60.00,1,'Vegetarian','low','others','no sweet'),(5,'Roti',10.50,20.00,1,'Vegetarian','low','north indian','no sweet'),(6,'Watermelon Juice',25.50,40.00,1,'Vegetarian','low','others','sweet'),(8,'Egg Fried Rice',35.00,60.00,1,'Eggetarian','medium','others','no sweet'),(10,'Chicken Kebab',60.00,100.00,0,'Non-Vegetarian','high','north indian','no sweet'),(11,'Egg Burji',30.00,50.00,0,'Eggetarian','medium','others','no sweet'),(12,'Masala Dosa',40.00,60.00,1,'Vegetarian','medium','south indian','no sweet'),(13,'Idly Vada',40.00,70.00,1,'Vegetarian','low','south indian','no sweet'),(14,'Chicken Biryani',100.00,150.00,1,'Non-Vegetarian','high','others','no sweet'),(15,'Samosa',10.00,20.00,0,'Vegetarian','medium','north indian','no sweet'),(16,'Chole Bhature',70.00,100.00,1,'Vegetarian','medium','north indian','no sweet'),(18,'Dal Makhani',120.00,180.00,1,'Vegetarian','medium','north indian','no sweet'),(19,'Tandoori Chicken',90.00,160.00,1,'Non-Vegetarian','high','north indian','no sweet'),(20,'Pav Bhaji',50.00,80.00,1,'Vegetarian','medium','north indian','no sweet'),(21,'Paneer Tikka',60.00,90.00,1,'Vegetarian','medium','north indian','no sweet'),(22,'Aloo Paratha',40.00,70.00,1,'Vegetarian','medium','north indian','no sweet'),(23,'Pasta',90.00,135.00,0,'Vegetarian','medium','others','no sweet'),(56,'Pastry',35.00,65.00,1,'Vegetarian','low','others','sweet'),(57,'Paneer Fried Rice',55.00,80.00,1,'Vegetarian','high','others','');
/*!40000 ALTER TABLE `Menu` ENABLE KEYS */;
UNLOCK TABLES;

--
-- Table structure for table `Notification`
--

DROP TABLE IF EXISTS `Notification`;
/*!40101 SET @saved_cs_client     = @@character_set_client */;
/*!50503 SET character_set_client = utf8mb4 */;
CREATE TABLE `Notification` (
  `notification_id` int NOT NULL AUTO_INCREMENT,
  `user_name` char(50) NOT NULL,
  `created_time` timestamp NOT NULL DEFAULT CURRENT_TIMESTAMP,
  `message` varchar(255) NOT NULL,
  `read_receipt` tinyint(1) NOT NULL DEFAULT '0',
  PRIMARY KEY (`notification_id`),
  KEY `user_name` (`user_name`),
  CONSTRAINT `Notification_ibfk_1` FOREIGN KEY (`user_name`) REFERENCES `User` (`user_name`)
) ENGINE=InnoDB AUTO_INCREMENT=211 DEFAULT CHARSET=utf8mb4 COLLATE=utf8mb4_0900_ai_ci;
/*!40101 SET character_set_client = @saved_cs_client */;

--
-- Dumping data for table `Notification`
--

LOCK TABLES `Notification` WRITE;
/*!40000 ALTER TABLE `Notification` DISABLE KEYS */;
INSERT INTO `Notification` VALUES (2,'aanya.sharma','2024-07-06 10:28:22','New Menu Item Added: Paneer Fried Rice',0),(3,'aarav.sharma','2024-07-06 10:28:22','New Menu Item Added: Paneer Fried Rice',0),(4,'aarohi.kumar','2024-07-06 10:28:22','New Menu Item Added: Paneer Fried Rice',0),(5,'aarush.rana','2024-07-06 10:28:22','New Menu Item Added: Paneer Fried Rice',0),(6,'abhishek.poojary','2024-07-06 10:28:22','New Menu Item Added: Paneer Fried Rice',0),(7,'aditya.mehta','2024-07-06 10:28:22','New Menu Item Added: Paneer Fried Rice',0),(8,'advik.kumar','2024-07-06 10:28:22','New Menu Item Added: Paneer Fried Rice',0),(9,'akash.mittal','2024-07-06 10:28:22','New Menu Item Added: Paneer Fried Rice',0),(10,'akash.shah','2024-07-06 10:28:22','New Menu Item Added: Paneer Fried Rice',0),(11,'amit.jain','2024-07-06 10:28:22','New Menu Item Added: Paneer Fried Rice',0),(12,'amitabh.sharma','2024-07-06 10:28:22','New Menu Item Added: Paneer Fried Rice',0),(13,'anamika.patel','2024-07-06 10:28:22','New Menu Item Added: Paneer Fried Rice',0),(14,'ananya.gupta','2024-07-06 10:28:22','New Menu Item Added: Paneer Fried Rice',0),(15,'ananya.shah','2024-07-06 10:28:22','New Menu Item Added: Paneer Fried Rice',0),(16,'anika.joshi','2024-07-06 10:28:22','New Menu Item Added: Paneer Fried Rice',0),(17,'anil.yadav','2024-07-06 10:28:22','New Menu Item Added: Paneer Fried Rice',0),(18,'anita.singh','2024-07-06 10:28:22','New Menu Item Added: Paneer Fried Rice',0),(19,'anju.sharma','2024-07-06 10:28:22','New Menu Item Added: Paneer Fried Rice',0),(20,'anu.yadav','2024-07-06 10:28:22','New Menu Item Added: Paneer Fried Rice',0),(21,'anvi.mehta','2024-07-06 10:28:22','New Menu Item Added: Paneer Fried Rice',0),(22,'arav.chopra','2024-07-06 10:28:22','New Menu Item Added: Paneer Fried Rice',0),(23,'arjun.reddy','2024-07-06 10:28:22','New Menu Item Added: Paneer Fried Rice',0),(24,'arjun.sharma','2024-07-06 10:28:22','New Menu Item Added: Paneer Fried Rice',0),(25,'arun.mishra','2024-07-06 10:28:22','New Menu Item Added: Paneer Fried Rice',0),(26,'arvind.singh','2024-07-06 10:28:22','New Menu Item Added: Paneer Fried Rice',0),(27,'asha.mishra','2024-07-06 10:28:22','New Menu Item Added: Paneer Fried Rice',0),(28,'avni.gupta','2024-07-06 10:28:22','New Menu Item Added: Paneer Fried Rice',0),(29,'ayaan.kapoor','2024-07-06 10:28:22','New Menu Item Added: Paneer Fried Rice',0),(30,'ayan.kapoor','2024-07-06 10:28:22','New Menu Item Added: Paneer Fried Rice',0),(31,'ayan.mehra','2024-07-06 10:28:22','New Menu Item Added: Paneer Fried Rice',0),(32,'ayush.kapoor','2024-07-06 10:28:22','New Menu Item Added: Paneer Fried Rice',0),(33,'deepak.sharma','2024-07-06 10:28:22','New Menu Item Added: Paneer Fried Rice',0),(34,'deepika.gupta','2024-07-06 10:28:22','New Menu Item Added: Paneer Fried Rice',0),(35,'dhruv.mehra','2024-07-06 10:28:22','New Menu Item Added: Paneer Fried Rice',0),(36,'divya.patel','2024-07-06 10:28:22','New Menu Item Added: Paneer Fried Rice',0),(37,'diya.saxena','2024-07-06 10:28:22','New Menu Item Added: Paneer Fried Rice',0),(39,'ira.jain','2024-07-06 10:28:22','New Menu Item Added: Paneer Fried Rice',0),(40,'isha.joshi','2024-07-06 10:28:22','New Menu Item Added: Paneer Fried Rice',0),(41,'isha.mehra','2024-07-06 10:28:22','New Menu Item Added: Paneer Fried Rice',0),(42,'isha.patel','2024-07-06 10:28:22','New Menu Item Added: Paneer Fried Rice',0),(43,'ishaan.chopra','2024-07-06 10:28:22','New Menu Item Added: Paneer Fried Rice',0),(44,'krishna.nair','2024-07-06 10:28:22','New Menu Item Added: Paneer Fried Rice',0),(45,'kriti.patel','2024-07-06 10:28:22','New Menu Item Added: Paneer Fried Rice',0),(46,'kritika.shah','2024-07-06 10:28:22','New Menu Item Added: Paneer Fried Rice',0),(47,'manish.agarwal','2024-07-06 10:28:22','New Menu Item Added: Paneer Fried Rice',0),(48,'meera.gupta','2024-07-06 10:28:22','New Menu Item Added: Paneer Fried Rice',0),(49,'meera.pandey','2024-07-06 10:28:22','New Menu Item Added: Paneer Fried Rice',0),(50,'megha.reddy','2024-07-06 10:28:22','New Menu Item Added: Paneer Fried Rice',0),(51,'mukesh.verma','2024-07-06 10:28:22','New Menu Item Added: Paneer Fried Rice',0),(52,'navya.rana','2024-07-06 10:28:22','New Menu Item Added: Paneer Fried Rice',0),(53,'neeraj.yadav','2024-07-06 10:28:22','New Menu Item Added: Paneer Fried Rice',0),(54,'neha.patel','2024-07-06 10:28:22','New Menu Item Added: Paneer Fried Rice',0),(55,'neha.singh','2024-07-06 10:28:22','New Menu Item Added: Paneer Fried Rice',0),(56,'niharika.shah','2024-07-06 10:28:23','New Menu Item Added: Paneer Fried Rice',0),(57,'nikhil.kumar','2024-07-06 10:28:23','New Menu Item Added: Paneer Fried Rice',0),(58,'nisha.kumar','2024-07-06 10:28:23','New Menu Item Added: Paneer Fried Rice',0),(59,'pallavi.gupta','2024-07-06 10:28:23','New Menu Item Added: Paneer Fried Rice',0),(60,'parth.rana','2024-07-06 10:28:23','New Menu Item Added: Paneer Fried Rice',0),(61,'pooja.sharma','2024-07-06 10:28:23','New Menu Item Added: Paneer Fried Rice',0),(62,'poonam.sharma','2024-07-06 10:28:23','New Menu Item Added: Paneer Fried Rice',0),(63,'preeti.singh','2024-07-06 10:28:23','New Menu Item Added: Paneer Fried Rice',0),(64,'prisha.singh','2024-07-06 10:28:23','New Menu Item Added: Paneer Fried Rice',0),(65,'priya.verma','2024-07-06 10:28:23','New Menu Item Added: Paneer Fried Rice',0),(66,'priyanka.joshi','2024-07-06 10:28:23','New Menu Item Added: Paneer Fried Rice',0),(67,'radha.singh','2024-07-06 10:28:23','New Menu Item Added: Paneer Fried Rice',0),(68,'rahul.singh','2024-07-06 10:28:23','New Menu Item Added: Paneer Fried Rice',0),(69,'rajan.yadav','2024-07-06 10:28:23','New Menu Item Added: Paneer Fried Rice',0),(70,'rakesh.singh','2024-07-06 10:28:23','New Menu Item Added: Paneer Fried Rice',0),(71,'ravi.kumar','2024-07-06 10:28:23','New Menu Item Added: Paneer Fried Rice',0),(72,'reena.gupta','2024-07-06 10:28:23','New Menu Item Added: Paneer Fried Rice',0),(73,'rehan.rana','2024-07-06 10:28:23','New Menu Item Added: Paneer Fried Rice',0),(74,'rihaan.nair','2024-07-06 10:28:23','New Menu Item Added: Paneer Fried Rice',0),(75,'riya.verma','2024-07-06 10:28:23','New Menu Item Added: Paneer Fried Rice',0),(76,'rohan.shah','2024-07-06 10:28:23','New Menu Item Added: Paneer Fried Rice',0),(77,'rohit.jain','2024-07-06 10:28:23','New Menu Item Added: Paneer Fried Rice',0),(79,'sachin.yadav','2024-07-06 10:28:23','New Menu Item Added: Paneer Fried Rice',0),(80,'sai.singh','2024-07-06 10:28:23','New Menu Item Added: Paneer Fried Rice',0),(81,'samaira.kumar','2024-07-06 10:28:23','New Menu Item Added: Paneer Fried Rice',0),(82,'sameerarbaz.b.attar','2024-07-06 10:28:23','New Menu Item Added: Paneer Fried Rice',0),(83,'sandeep.joshi','2024-07-06 10:28:23','New Menu Item Added: Paneer Fried Rice',0),(84,'sanjay.sharma','2024-07-06 10:28:23','New Menu Item Added: Paneer Fried Rice',0),(85,'sanya.singh','2024-07-06 10:28:23','New Menu Item Added: Paneer Fried Rice',0),(86,'sara.mishra','2024-07-06 10:28:23','New Menu Item Added: Paneer Fried Rice',0),(87,'seema.gupta','2024-07-06 10:28:23','New Menu Item Added: Paneer Fried Rice',0),(88,'shivansh.singh','2024-07-06 10:28:23','New Menu Item Added: Paneer Fried Rice',0),(89,'sonia.verma','2024-07-06 10:28:23','New Menu Item Added: Paneer Fried Rice',0),(90,'sumit.jain','2024-07-06 10:28:23','New Menu Item Added: Paneer Fried Rice',0),(91,'sunita.verma','2024-07-06 10:28:23','New Menu Item Added: Paneer Fried Rice',0),(92,'suresh.kumar','2024-07-06 10:28:23','New Menu Item Added: Paneer Fried Rice',0),(93,'tanvi.jain','2024-07-06 10:28:23','New Menu Item Added: Paneer Fried Rice',0),(94,'tanvi.sharma','2024-07-06 10:28:23','New Menu Item Added: Paneer Fried Rice',0),(95,'tara.shah','2024-07-06 10:28:23','New Menu Item Added: Paneer Fried Rice',0),(96,'veer.mishra','2024-07-06 10:28:23','New Menu Item Added: Paneer Fried Rice',0),(97,'viha.joshi','2024-07-06 10:28:23','New Menu Item Added: Paneer Fried Rice',0),(98,'vihaan.patel','2024-07-06 10:28:23','New Menu Item Added: Paneer Fried Rice',0),(99,'vikas.kumar','2024-07-06 10:28:23','New Menu Item Added: Paneer Fried Rice',0),(100,'vikram.mishra','2024-07-06 10:28:23','New Menu Item Added: Paneer Fried Rice',0),(101,'vipin.sharma','2024-07-06 10:28:23','New Menu Item Added: Paneer Fried Rice',0),(102,'vivaan.kumar','2024-07-06 10:28:23','New Menu Item Added: Paneer Fried Rice',0),(103,'vivaan.verma','2024-07-06 10:28:23','New Menu Item Added: Paneer Fried Rice',0),(104,'vivek.yadav','2024-07-06 10:28:23','New Menu Item Added: Paneer Fried Rice',0),(105,'yash.nair','2024-07-06 10:28:23','New Menu Item Added: Paneer Fried Rice',1),(107,'aanya.sharma','2024-07-06 11:01:08','Chef has rolled out the next day menu. Please vote for the items.',0),(108,'aarav.sharma','2024-07-06 11:01:08','Chef has rolled out the next day menu. Please vote for the items.',0),(109,'aarohi.kumar','2024-07-06 11:01:08','Chef has rolled out the next day menu. Please vote for the items.',0),(110,'aarush.rana','2024-07-06 11:01:08','Chef has rolled out the next day menu. Please vote for the items.',0),(111,'abhishek.poojary','2024-07-06 11:01:08','Chef has rolled out the next day menu. Please vote for the items.',0),(112,'aditya.mehta','2024-07-06 11:01:08','Chef has rolled out the next day menu. Please vote for the items.',0),(113,'advik.kumar','2024-07-06 11:01:08','Chef has rolled out the next day menu. Please vote for the items.',0),(114,'akash.mittal','2024-07-06 11:01:08','Chef has rolled out the next day menu. Please vote for the items.',0),(115,'akash.shah','2024-07-06 11:01:08','Chef has rolled out the next day menu. Please vote for the items.',0),(116,'amit.jain','2024-07-06 11:01:08','Chef has rolled out the next day menu. Please vote for the items.',0),(117,'amitabh.sharma','2024-07-06 11:01:08','Chef has rolled out the next day menu. Please vote for the items.',0),(118,'anamika.patel','2024-07-06 11:01:08','Chef has rolled out the next day menu. Please vote for the items.',0),(119,'ananya.gupta','2024-07-06 11:01:08','Chef has rolled out the next day menu. Please vote for the items.',0),(120,'ananya.shah','2024-07-06 11:01:08','Chef has rolled out the next day menu. Please vote for the items.',0),(121,'anika.joshi','2024-07-06 11:01:08','Chef has rolled out the next day menu. Please vote for the items.',0),(122,'anil.yadav','2024-07-06 11:01:08','Chef has rolled out the next day menu. Please vote for the items.',0),(123,'anita.singh','2024-07-06 11:01:08','Chef has rolled out the next day menu. Please vote for the items.',0),(124,'anju.sharma','2024-07-06 11:01:08','Chef has rolled out the next day menu. Please vote for the items.',0),(125,'anu.yadav','2024-07-06 11:01:08','Chef has rolled out the next day menu. Please vote for the items.',0),(126,'anvi.mehta','2024-07-06 11:01:08','Chef has rolled out the next day menu. Please vote for the items.',0),(127,'arav.chopra','2024-07-06 11:01:08','Chef has rolled out the next day menu. Please vote for the items.',0),(128,'arjun.reddy','2024-07-06 11:01:08','Chef has rolled out the next day menu. Please vote for the items.',0),(129,'arjun.sharma','2024-07-06 11:01:08','Chef has rolled out the next day menu. Please vote for the items.',0),(130,'arun.mishra','2024-07-06 11:01:08','Chef has rolled out the next day menu. Please vote for the items.',0),(131,'arvind.singh','2024-07-06 11:01:08','Chef has rolled out the next day menu. Please vote for the items.',0),(132,'asha.mishra','2024-07-06 11:01:08','Chef has rolled out the next day menu. Please vote for the items.',0),(133,'avni.gupta','2024-07-06 11:01:08','Chef has rolled out the next day menu. Please vote for the items.',0),(134,'ayaan.kapoor','2024-07-06 11:01:08','Chef has rolled out the next day menu. Please vote for the items.',0),(135,'ayan.kapoor','2024-07-06 11:01:08','Chef has rolled out the next day menu. Please vote for the items.',0),(136,'ayan.mehra','2024-07-06 11:01:08','Chef has rolled out the next day menu. Please vote for the items.',0),(137,'ayush.kapoor','2024-07-06 11:01:08','Chef has rolled out the next day menu. Please vote for the items.',0),(138,'deepak.sharma','2024-07-06 11:01:08','Chef has rolled out the next day menu. Please vote for the items.',0),(139,'deepika.gupta','2024-07-06 11:01:08','Chef has rolled out the next day menu. Please vote for the items.',0),(140,'dhruv.mehra','2024-07-06 11:01:08','Chef has rolled out the next day menu. Please vote for the items.',0),(141,'divya.patel','2024-07-06 11:01:08','Chef has rolled out the next day menu. Please vote for the items.',0),(142,'diya.saxena','2024-07-06 11:01:08','Chef has rolled out the next day menu. Please vote for the items.',0),(144,'ira.jain','2024-07-06 11:01:08','Chef has rolled out the next day menu. Please vote for the items.',0),(145,'isha.joshi','2024-07-06 11:01:08','Chef has rolled out the next day menu. Please vote for the items.',0),(146,'isha.mehra','2024-07-06 11:01:08','Chef has rolled out the next day menu. Please vote for the items.',0),(147,'isha.patel','2024-07-06 11:01:08','Chef has rolled out the next day menu. Please vote for the items.',0),(148,'ishaan.chopra','2024-07-06 11:01:08','Chef has rolled out the next day menu. Please vote for the items.',0),(149,'krishna.nair','2024-07-06 11:01:08','Chef has rolled out the next day menu. Please vote for the items.',0),(150,'kriti.patel','2024-07-06 11:01:08','Chef has rolled out the next day menu. Please vote for the items.',0),(151,'kritika.shah','2024-07-06 11:01:08','Chef has rolled out the next day menu. Please vote for the items.',0),(152,'manish.agarwal','2024-07-06 11:01:08','Chef has rolled out the next day menu. Please vote for the items.',0),(153,'meera.gupta','2024-07-06 11:01:08','Chef has rolled out the next day menu. Please vote for the items.',0),(154,'meera.pandey','2024-07-06 11:01:08','Chef has rolled out the next day menu. Please vote for the items.',0),(155,'megha.reddy','2024-07-06 11:01:08','Chef has rolled out the next day menu. Please vote for the items.',0),(156,'mukesh.verma','2024-07-06 11:01:08','Chef has rolled out the next day menu. Please vote for the items.',0),(157,'navya.rana','2024-07-06 11:01:09','Chef has rolled out the next day menu. Please vote for the items.',0),(158,'neeraj.yadav','2024-07-06 11:01:09','Chef has rolled out the next day menu. Please vote for the items.',0),(159,'neha.patel','2024-07-06 11:01:09','Chef has rolled out the next day menu. Please vote for the items.',0),(160,'neha.singh','2024-07-06 11:01:09','Chef has rolled out the next day menu. Please vote for the items.',0),(161,'niharika.shah','2024-07-06 11:01:09','Chef has rolled out the next day menu. Please vote for the items.',0),(162,'nikhil.kumar','2024-07-06 11:01:09','Chef has rolled out the next day menu. Please vote for the items.',0),(163,'nisha.kumar','2024-07-06 11:01:09','Chef has rolled out the next day menu. Please vote for the items.',0),(164,'pallavi.gupta','2024-07-06 11:01:09','Chef has rolled out the next day menu. Please vote for the items.',0),(165,'parth.rana','2024-07-06 11:01:09','Chef has rolled out the next day menu. Please vote for the items.',0),(166,'pooja.sharma','2024-07-06 11:01:09','Chef has rolled out the next day menu. Please vote for the items.',0),(167,'poonam.sharma','2024-07-06 11:01:09','Chef has rolled out the next day menu. Please vote for the items.',0),(168,'preeti.singh','2024-07-06 11:01:09','Chef has rolled out the next day menu. Please vote for the items.',0),(169,'prisha.singh','2024-07-06 11:01:09','Chef has rolled out the next day menu. Please vote for the items.',0),(170,'priya.verma','2024-07-06 11:01:09','Chef has rolled out the next day menu. Please vote for the items.',0),(171,'priyanka.joshi','2024-07-06 11:01:09','Chef has rolled out the next day menu. Please vote for the items.',0),(172,'radha.singh','2024-07-06 11:01:09','Chef has rolled out the next day menu. Please vote for the items.',0),(173,'rahul.singh','2024-07-06 11:01:09','Chef has rolled out the next day menu. Please vote for the items.',0),(174,'rajan.yadav','2024-07-06 11:01:09','Chef has rolled out the next day menu. Please vote for the items.',0),(175,'rakesh.singh','2024-07-06 11:01:09','Chef has rolled out the next day menu. Please vote for the items.',0),(176,'ravi.kumar','2024-07-06 11:01:09','Chef has rolled out the next day menu. Please vote for the items.',0),(177,'reena.gupta','2024-07-06 11:01:09','Chef has rolled out the next day menu. Please vote for the items.',0),(178,'rehan.rana','2024-07-06 11:01:09','Chef has rolled out the next day menu. Please vote for the items.',0),(179,'rihaan.nair','2024-07-06 11:01:09','Chef has rolled out the next day menu. Please vote for the items.',0),(180,'riya.verma','2024-07-06 11:01:09','Chef has rolled out the next day menu. Please vote for the items.',0),(181,'rohan.shah','2024-07-06 11:01:09','Chef has rolled out the next day menu. Please vote for the items.',0),(182,'rohit.jain','2024-07-06 11:01:09','Chef has rolled out the next day menu. Please vote for the items.',0),(184,'sachin.yadav','2024-07-06 11:01:09','Chef has rolled out the next day menu. Please vote for the items.',0),(185,'sai.singh','2024-07-06 11:01:09','Chef has rolled out the next day menu. Please vote for the items.',0),(186,'samaira.kumar','2024-07-06 11:01:09','Chef has rolled out the next day menu. Please vote for the items.',0),(187,'sameerarbaz.b.attar','2024-07-06 11:01:09','Chef has rolled out the next day menu. Please vote for the items.',0),(188,'sandeep.joshi','2024-07-06 11:01:09','Chef has rolled out the next day menu. Please vote for the items.',0),(189,'sanjay.sharma','2024-07-06 11:01:09','Chef has rolled out the next day menu. Please vote for the items.',0),(190,'sanya.singh','2024-07-06 11:01:09','Chef has rolled out the next day menu. Please vote for the items.',0),(191,'sara.mishra','2024-07-06 11:01:09','Chef has rolled out the next day menu. Please vote for the items.',0),(192,'seema.gupta','2024-07-06 11:01:09','Chef has rolled out the next day menu. Please vote for the items.',0),(193,'shivansh.singh','2024-07-06 11:01:09','Chef has rolled out the next day menu. Please vote for the items.',0),(194,'sonia.verma','2024-07-06 11:01:09','Chef has rolled out the next day menu. Please vote for the items.',0),(195,'sumit.jain','2024-07-06 11:01:09','Chef has rolled out the next day menu. Please vote for the items.',0),(196,'sunita.verma','2024-07-06 11:01:09','Chef has rolled out the next day menu. Please vote for the items.',0),(197,'suresh.kumar','2024-07-06 11:01:09','Chef has rolled out the next day menu. Please vote for the items.',0),(198,'tanvi.jain','2024-07-06 11:01:09','Chef has rolled out the next day menu. Please vote for the items.',0),(199,'tanvi.sharma','2024-07-06 11:01:09','Chef has rolled out the next day menu. Please vote for the items.',0),(200,'tara.shah','2024-07-06 11:01:09','Chef has rolled out the next day menu. Please vote for the items.',0),(201,'veer.mishra','2024-07-06 11:01:09','Chef has rolled out the next day menu. Please vote for the items.',0),(202,'viha.joshi','2024-07-06 11:01:09','Chef has rolled out the next day menu. Please vote for the items.',0),(203,'vihaan.patel','2024-07-06 11:01:09','Chef has rolled out the next day menu. Please vote for the items.',0),(204,'vikas.kumar','2024-07-06 11:01:09','Chef has rolled out the next day menu. Please vote for the items.',0),(205,'vikram.mishra','2024-07-06 11:01:09','Chef has rolled out the next day menu. Please vote for the items.',0),(206,'vipin.sharma','2024-07-06 11:01:09','Chef has rolled out the next day menu. Please vote for the items.',0),(207,'vivaan.kumar','2024-07-06 11:01:09','Chef has rolled out the next day menu. Please vote for the items.',0),(208,'vivaan.verma','2024-07-06 11:01:09','Chef has rolled out the next day menu. Please vote for the items.',0),(209,'vivek.yadav','2024-07-06 11:01:09','Chef has rolled out the next day menu. Please vote for the items.',0),(210,'yash.nair','2024-07-06 11:01:09','Chef has rolled out the next day menu. Please vote for the items.',1);
/*!40000 ALTER TABLE `Notification` ENABLE KEYS */;
UNLOCK TABLES;

--
-- Table structure for table `RolloutMenu`
--

DROP TABLE IF EXISTS `RolloutMenu`;
/*!40101 SET @saved_cs_client     = @@character_set_client */;
/*!50503 SET character_set_client = utf8mb4 */;
CREATE TABLE `RolloutMenu` (
  `item_id` int NOT NULL,
  `meal_type` enum('Breakfast','Lunch','Dinner','Snack') NOT NULL,
  `rollout_date` date NOT NULL,
  PRIMARY KEY (`item_id`,`rollout_date`)
) ENGINE=InnoDB DEFAULT CHARSET=utf8mb4 COLLATE=utf8mb4_0900_ai_ci;
/*!40101 SET character_set_client = @saved_cs_client */;

--
-- Dumping data for table `RolloutMenu`
--

LOCK TABLES `RolloutMenu` WRITE;
/*!40000 ALTER TABLE `RolloutMenu` DISABLE KEYS */;
INSERT INTO `RolloutMenu` VALUES (1,'Breakfast','2024-07-02'),(1,'Breakfast','2024-07-03'),(1,'Breakfast','2024-07-06'),(3,'Breakfast','2024-07-07'),(4,'Breakfast','2024-07-03'),(4,'Breakfast','2024-07-06'),(6,'Breakfast','2024-07-04'),(11,'Dinner','2024-07-03'),(11,'Lunch','2024-07-06'),(11,'Lunch','2024-07-07'),(12,'Breakfast','2024-07-06'),(13,'Breakfast','2024-07-04'),(14,'Dinner','2024-07-03'),(14,'Dinner','2024-07-06'),(14,'Lunch','2024-07-07'),(16,'Lunch','2024-07-07'),(18,'Lunch','2024-07-06'),(19,'Dinner','2024-07-07'),(21,'Lunch','2024-07-02'),(21,'Dinner','2024-07-07'),(22,'Lunch','2024-07-07'),(23,'Breakfast','2024-07-03'),(23,'Dinner','2024-07-07'),(56,'Dinner','2024-07-07'),(57,'Lunch','2024-07-07');
/*!40000 ALTER TABLE `RolloutMenu` ENABLE KEYS */;
UNLOCK TABLES;

--
-- Table structure for table `User`
--

DROP TABLE IF EXISTS `User`;
/*!40101 SET @saved_cs_client     = @@character_set_client */;
/*!50503 SET character_set_client = utf8mb4 */;
CREATE TABLE `User` (
  `user_name` char(50) NOT NULL,
  `first_name` char(50) NOT NULL,
  `last_name` char(50) DEFAULT NULL,
  `user_type` enum('Employee','Chef','Admin') DEFAULT 'Employee',
  `employee_id` char(15) NOT NULL,
  `diet_preference` enum('Vegetarian','Non-Vegetarian','Eggetarian','No preference') DEFAULT 'No preference',
  `spice_level` enum('high','medium','low','No preference') DEFAULT 'No preference',
  `preferred_cuisine` enum('north indian','south indian','others') DEFAULT 'others',
  `sweet_preference` enum('sweet','no sweet','No preference') DEFAULT 'No preference',
  PRIMARY KEY (`user_name`),
  UNIQUE KEY `employee_id` (`employee_id`)
) ENGINE=InnoDB DEFAULT CHARSET=utf8mb4 COLLATE=utf8mb4_0900_ai_ci;
/*!40101 SET character_set_client = @saved_cs_client */;

--
-- Dumping data for table `User`
--

LOCK TABLES `User` WRITE;
/*!40000 ALTER TABLE `User` DISABLE KEYS */;
INSERT INTO `User` VALUES ('a','a','','Admin','a','No preference','No preference','others','No preference'),('aanya.sharma','Aanya','Sharma','Employee','ITTV/EMP/0032','No preference','No preference','others','No preference'),('aarav.sharma','Aarav','Sharma','Employee','ITTV/EMP/0001','No preference','No preference','others','No preference'),('aarohi.kumar','Aarohi','Kumar','Employee','ITTV/EMP/0011','No preference','No preference','others','No preference'),('aarush.rana','Aarush','Rana','Employee','ITTV/EMP/0048','No preference','No preference','others','No preference'),('abhishek.poojary','Abhishek','','Employee','ITTV/EMP/3085','No preference','No preference','others','No preference'),('aditya.mehta','Aditya','Mehta','Employee','ITTV/EMP/0003','No preference','No preference','others','No preference'),('admin','Admin','','Admin','ITTV/ADM/0001','No preference','No preference','others','No preference'),('advik.kumar','Advik','Kumar','Employee','ITTV/EMP/0021','No preference','No preference','others','No preference'),('akash.mittal','Akash','Mittal','Employee','ITTV/EMP/0070','No preference','No preference','others','No preference'),('akash.shah','Akash','Shah','Employee','ITTV/EMP/0057','No preference','No preference','others','No preference'),('amit.jain','Amit','Jain','Employee','ITTV/EMP/0083','No preference','No preference','others','No preference'),('amitabh.sharma','Amitabh','Sharma','Employee','ITTV/EMP/0100','No preference','No preference','others','No preference'),('anamika.patel','Anamika','Patel','Employee','ITTV/EMP/0091','No preference','No preference','others','No preference'),('ananya.gupta','Ananya','Gupta','Employee','ITTV/EMP/0056','No preference','No preference','others','No preference'),('ananya.shah','Ananya','Shah','Employee','ITTV/EMP/0010','No preference','No preference','others','No preference'),('anika.joshi','Anika','Joshi','Employee','ITTV/EMP/0018','No preference','No preference','others','No preference'),('anil.yadav','Anil','Yadav','Employee','ITTV/EMP/0079','No preference','No preference','others','No preference'),('anita.singh','Anita','Singh','Employee','ITTV/EMP/0069','No preference','No preference','others','No preference'),('anju.sharma','Anju','Sharma','Employee','ITTV/EMP/0089','No preference','No preference','others','No preference'),('anu.yadav','Anu','Yadav','Employee','ITTV/EMP/0073','No preference','No preference','others','No preference'),('anvi.mehta','Anvi','Mehta','Employee','ITTV/EMP/0034','No preference','No preference','others','No preference'),('arav.chopra','Arav','Chopra','Employee','ITTV/EMP/0040','No preference','No preference','others','No preference'),('arjun.reddy','Arjun','Reddy','Employee','ITTV/EMP/0005','No preference','No preference','others','No preference'),('arjun.sharma','Arjun','Sharma','Employee','ITTV/EMP/0051','No preference','No preference','others','No preference'),('arun.mishra','Arun','Mishra','Employee','ITTV/EMP/0088','No preference','No preference','others','No preference'),('arvind.singh','Arvind','Singh','Employee','ITTV/EMP/0061','No preference','No preference','others','No preference'),('asha.mishra','Asha','Mishra','Employee','ITTV/EMP/0099','No preference','No preference','others','No preference'),('avni.gupta','Avni','Gupta','Employee','ITTV/EMP/0029','No preference','No preference','others','No preference'),('ayaan.kapoor','Ayaan','Kapoor','Employee','ITTV/EMP/0007','No preference','No preference','others','No preference'),('ayan.kapoor','Ayan','Kapoor','Employee','ITTV/EMP/0027','No preference','No preference','others','No preference'),('ayan.mehra','Ayan','Mehra','Employee','ITTV/EMP/0050','No preference','No preference','others','No preference'),('ayush.kapoor','Ayush','Kapoor','Employee','ITTV/EMP/0038','No preference','No preference','others','No preference'),('ch','cc','','Chef','ch','No preference','No preference','others','No preference'),('chef','Chef','','Chef','ITTV/CHF/0001','No preference','No preference','others','No preference'),('deepak.sharma','Deepak','Sharma','Employee','ITTV/EMP/0086','No preference','No preference','others','No preference'),('deepika.gupta','Deepika','Gupta','Employee','ITTV/EMP/0067','No preference','No preference','others','No preference'),('dhruv.mehra','Dhruv','Mehra','Employee','ITTV/EMP/0023','No preference','No preference','others','No preference'),('divya.patel','Divya','Patel','Employee','ITTV/EMP/0052','No preference','No preference','others','No preference'),('diya.saxena','Diya','Saxena','Employee','ITTV/EMP/0012','No preference','No preference','others','No preference'),('e','test','','Employee','e','Non-Vegetarian','high','north indian','no sweet'),('ira.jain','Ira','Jain','Employee','ITTV/EMP/0013','No preference','No preference','others','No preference'),('isha.joshi','Isha','Joshi','Employee','ITTV/EMP/0049','No preference','No preference','others','No preference'),('isha.mehra','Isha','Mehra','Employee','ITTV/EMP/0030','No preference','No preference','others','No preference'),('isha.patel','Isha','Patel','Employee','ITTV/EMP/0016','No preference','No preference','others','No preference'),('ishaan.chopra','Ishaan','Chopra','Employee','ITTV/EMP/0009','No preference','No preference','others','No preference'),('krishna.nair','Krishna','Nair','Employee','ITTV/EMP/0008','No preference','No preference','others','No preference'),('kriti.patel','Kriti','Patel','Employee','ITTV/EMP/0035','No preference','No preference','others','No preference'),('kritika.shah','Kritika','Shah','Employee','ITTV/EMP/0020','No preference','No preference','others','No preference'),('manish.agarwal','Manish','Agarwal','Employee','ITTV/EMP/0074','No preference','No preference','others','No preference'),('meera.gupta','Meera','Gupta','Employee','ITTV/EMP/0014','No preference','No preference','others','No preference'),('meera.pandey','Meera','Pandey','Employee','ITTV/EMP/0064','No preference','No preference','others','No preference'),('megha.reddy','Megha','Reddy','Employee','ITTV/EMP/0036','No preference','No preference','others','No preference'),('mukesh.verma','Mukesh','Verma','Employee','ITTV/EMP/0068','No preference','No preference','others','No preference'),('navya.rana','Navya','Rana','Employee','ITTV/EMP/0017','No preference','No preference','others','No preference'),('neeraj.yadav','Neeraj','Yadav','Employee','ITTV/EMP/0098','No preference','No preference','others','No preference'),('neha.patel','Neha','Patel','Employee','ITTV/EMP/0060','No preference','No preference','others','No preference'),('neha.singh','Neha','Singh','Employee','ITTV/EMP/0080','No preference','No preference','others','No preference'),('niharika.shah','Niharika','Shah','Employee','ITTV/EMP/0041','No preference','No preference','others','No preference'),('nikhil.kumar','Nikhil','Kumar','Employee','ITTV/EMP/0042','No preference','No preference','others','No preference'),('nisha.kumar','Nisha','Kumar','Employee','ITTV/EMP/0058','No preference','No preference','others','No preference'),('pallavi.gupta','Pallavi','Gupta','Employee','ITTV/EMP/0093','No preference','No preference','others','No preference'),('parth.rana','Parth','Rana','Employee','ITTV/EMP/0022','No preference','No preference','others','No preference'),('pooja.sharma','Pooja','Sharma','Employee','ITTV/EMP/0071','No preference','No preference','others','No preference'),('poonam.sharma','Poonam','Sharma','Employee','ITTV/EMP/0062','No preference','No preference','others','No preference'),('preeti.singh','Preeti','Singh','Employee','ITTV/EMP/0095','No preference','No preference','others','No preference'),('prisha.singh','Prisha','Singh','Employee','ITTV/EMP/0019','No preference','No preference','others','No preference'),('priya.verma','Priya','Verma','Employee','ITTV/EMP/0054','No preference','No preference','others','No preference'),('priyanka.joshi','Priyanka','Joshi','Employee','ITTV/EMP/0075','No preference','No preference','others','No preference'),('radha.singh','Radha','Singh','Employee','ITTV/EMP/0087','No preference','No preference','others','No preference'),('rahul.singh','Rahul','Singh','Employee','ITTV/EMP/0053','No preference','No preference','others','No preference'),('rajan.yadav','Rajan','Yadav','Employee','ITTV/EMP/0090','No preference','No preference','others','No preference'),('rakesh.singh','Rakesh','Singh','Employee','ITTV/EMP/0076','No preference','No preference','others','No preference'),('ravi.kumar','Ravi','Kumar','Employee','ITTV/EMP/0081','No preference','No preference','others','No preference'),('reena.gupta','Reena','Gupta','Employee','ITTV/EMP/0077','No preference','No preference','others','No preference'),('rehan.rana','Rehan','Rana','Employee','ITTV/EMP/0043','No preference','No preference','others','No preference'),('rihaan.nair','Rihaan','Nair','Employee','ITTV/EMP/0039','No preference','No preference','others','No preference'),('riya.verma','Riya','Verma','Employee','ITTV/EMP/0033','No preference','No preference','others','No preference'),('rohan.shah','Rohan','Shah','Employee','ITTV/EMP/0026','No preference','No preference','others','No preference'),('rohit.jain','Rohit','Jain','Employee','ITTV/EMP/0063','No preference','No preference','others','No preference'),('rohit.matade','Rohit','','Employee','ITTV/EMP/3083','Vegetarian','medium','north indian','sweet'),('sachin.yadav','Sachin','Yadav','Employee','ITTV/EMP/0066','No preference','No preference','others','No preference'),('sai.singh','Sai','Singh','Employee','ITTV/EMP/0006','No preference','No preference','others','No preference'),('samaira.kumar','Samaira','Kumar','Employee','ITTV/EMP/0031','No preference','No preference','others','No preference'),('sameerarbaz.b.attar','Sameer','A','Employee','IITV/EMP/2838','No preference','No preference','others','No preference'),('sandeep.joshi','Sandeep','Joshi','Employee','ITTV/EMP/0055','No preference','No preference','others','No preference'),('sanjay.sharma','Sanjay','Sharma','Employee','ITTV/EMP/0078','No preference','No preference','others','No preference'),('sanya.singh','Sanya','Singh','Employee','ITTV/EMP/0037','No preference','No preference','others','No preference'),('sara.mishra','Sara','Mishra','Employee','ITTV/EMP/0015','No preference','No preference','others','No preference'),('seema.gupta','Seema','Gupta','Employee','ITTV/EMP/0084','No preference','No preference','others','No preference'),('shivansh.singh','Shivansh','Singh','Employee','ITTV/EMP/0045','No preference','No preference','others','No preference'),('sonia.verma','Sonia','Verma','Employee','ITTV/EMP/0082','No preference','No preference','others','No preference'),('sumit.jain','Sumit','Jain','Employee','ITTV/EMP/0094','No preference','No preference','others','No preference'),('sunita.verma','Sunita','Verma','Employee','ITTV/EMP/0097','No preference','No preference','others','No preference'),('suresh.kumar','Suresh','Kumar','Employee','ITTV/EMP/0092','No preference','No preference','others','No preference'),('tanvi.jain','Tanvi','Jain','Employee','ITTV/EMP/0028','No preference','No preference','others','No preference'),('tanvi.sharma','Tanvi','Sharma','Employee','ITTV/EMP/0065','No preference','No preference','others','No preference'),('tara.shah','Tara','Shah','Employee','ITTV/EMP/0046','No preference','No preference','others','No preference'),('veer.mishra','Veer','Mishra','Employee','ITTV/EMP/0025','No preference','No preference','others','No preference'),('viha.joshi','Viha','Joshi','Employee','ITTV/EMP/0044','No preference','No preference','others','No preference'),('vihaan.patel','Vihaan','Patel','Employee','ITTV/EMP/0004','No preference','No preference','others','No preference'),('vikas.kumar','Vikas','Kumar','Employee','ITTV/EMP/0072','No preference','No preference','others','No preference'),('vikram.mishra','Vikram','Mishra','Employee','ITTV/EMP/0059','No preference','No preference','others','No preference'),('vipin.sharma','Vipin','Sharma','Employee','ITTV/EMP/0096','No preference','No preference','others','No preference'),('vivaan.kumar','Vivaan','Kumar','Employee','ITTV/EMP/0047','No preference','No preference','others','No preference'),('vivaan.verma','Vivaan','Verma','Employee','ITTV/EMP/0002','No preference','No preference','others','No preference'),('vivek.yadav','Vivek','Yadav','Employee','ITTV/EMP/0085','No preference','No preference','others','No preference'),('yash.nair','Yash','Nair','Employee','ITTV/EMP/0024','No preference','No preference','others','No preference');
/*!40000 ALTER TABLE `User` ENABLE KEYS */;
UNLOCK TABLES;

--
-- Table structure for table `Vote`
--

DROP TABLE IF EXISTS `Vote`;
/*!40101 SET @saved_cs_client     = @@character_set_client */;
/*!50503 SET character_set_client = utf8mb4 */;
CREATE TABLE `Vote` (
  `vote_id` int NOT NULL AUTO_INCREMENT,
  `item_id` int NOT NULL,
  `user_name` char(50) NOT NULL,
  `date` date NOT NULL,
  PRIMARY KEY (`vote_id`),
  KEY `item_id` (`item_id`),
  KEY `user_name` (`user_name`),
  CONSTRAINT `Vote_ibfk_1` FOREIGN KEY (`item_id`) REFERENCES `Menu` (`item_id`),
  CONSTRAINT `Vote_ibfk_2` FOREIGN KEY (`user_name`) REFERENCES `User` (`user_name`)
) ENGINE=InnoDB AUTO_INCREMENT=51 DEFAULT CHARSET=utf8mb4 COLLATE=utf8mb4_0900_ai_ci;
/*!40101 SET character_set_client = @saved_cs_client */;

--
-- Dumping data for table `Vote`
--

LOCK TABLES `Vote` WRITE;
/*!40000 ALTER TABLE `Vote` DISABLE KEYS */;
INSERT INTO `Vote` VALUES (1,1,'aarav.sharma','2024-06-01'),(2,2,'aarohi.kumar','2024-06-02'),(3,3,'aditya.mehta','2024-06-03'),(4,4,'ananya.shah','2024-06-14'),(5,5,'anika.joshi','2024-06-05'),(6,6,'arav.chopra','2024-06-06'),(7,8,'arjun.reddy','2024-06-07'),(8,10,'arjun.sharma','2024-06-08'),(9,11,'arun.mishra','2024-06-09'),(10,12,'arvind.singh','2024-06-10'),(11,13,'asha.mishra','2024-06-11'),(12,14,'avni.gupta','2024-06-12'),(13,15,'ayan.kapoor','2024-06-13'),(14,16,'ayan.mehra','2024-06-14'),(15,18,'ayush.kapoor','2024-06-15'),(16,19,'deepika.gupta','2024-06-16'),(17,21,'deepak.sharma','2024-06-18'),(18,22,'deepika.gupta','2024-06-19'),(19,23,'dhruv.mehra','2024-06-02'),(20,16,'divya.patel','2024-06-11'),(21,10,'rohit.matade','2024-06-13'),(22,21,'krishna.nair','2024-06-14'),(23,22,'ishaan.chopra','2024-06-15'),(24,23,'isha.patel','2024-06-16'),(25,23,'isha.joshi','2024-06-07'),(26,16,'kriti.patel','2024-06-08'),(27,19,'kritika.shah','2024-06-09'),(28,20,'rohit.matade','2024-06-13'),(29,21,'kriti.patel','2024-06-12'),(30,22,'yash.nair','2024-06-12'),(31,23,'meera.gupta','2024-06-13'),(32,23,'meera.pandey','2024-06-04'),(33,16,'neeraj.yadav','2024-06-05'),(34,20,'poonam.sharma','2024-06-14'),(35,21,'rohit.matade','2024-06-15'),(36,22,'riya.verma','2024-06-16'),(37,23,'rohan.shah','2024-06-17'),(38,19,'neha.singh','2024-06-06'),(39,21,'nikhil.kumar','2024-06-08'),(40,22,'nisha.kumar','2024-06-09'),(41,23,'poonam.sharma','2024-06-10'),(42,23,'neha.patel','2024-06-11'),(43,16,'niharika.shah','2024-06-12'),(46,6,'e','2024-07-04'),(47,6,'e','2024-07-04'),(48,6,'e','2024-07-04'),(49,6,'e','2024-07-04'),(50,13,'e','2024-07-04');
/*!40000 ALTER TABLE `Vote` ENABLE KEYS */;
UNLOCK TABLES;
/*!40103 SET TIME_ZONE=@OLD_TIME_ZONE */;

/*!40101 SET SQL_MODE=@OLD_SQL_MODE */;
/*!40014 SET FOREIGN_KEY_CHECKS=@OLD_FOREIGN_KEY_CHECKS */;
/*!40014 SET UNIQUE_CHECKS=@OLD_UNIQUE_CHECKS */;
/*!40101 SET CHARACTER_SET_CLIENT=@OLD_CHARACTER_SET_CLIENT */;
/*!40101 SET CHARACTER_SET_RESULTS=@OLD_CHARACTER_SET_RESULTS */;
/*!40101 SET COLLATION_CONNECTION=@OLD_COLLATION_CONNECTION */;
/*!40111 SET SQL_NOTES=@OLD_SQL_NOTES */;

-- Dump completed on 2024-07-06 21:37:42
